<?xml version="1.0" encoding="UTF-8" ?>

<!DOCTYPE tiles-definitions PUBLIC
       "-//Apache Software Foundation//DTD Tiles Configuration 2.0//EN"
       "http://tiles.apache.org/dtds/tiles-config_2_0.dtd">

<tiles-definitions>

	<definition name="baseLayout" template="/jsp/BaseLayout.jsp">
		<put-attribute name="title" value="" />
		<put-attribute name="header" value="/html/header.html" />
		<put-attribute name="logout" value="" />
		<put-attribute name="menu" value="" />
		<put-attribute name="search" value="" />
		<put-attribute name="body" value="" />
		<put-attribute name="footer" value="/html/footer.html" />

		<put-list-attribute name="stylesheets">
			<add-attribute value="/statics/css/layout.css" />
			<add-attribute value="/statics/css/employeeMgmt.css" />
			<add-attribute value="/statics/css/normalize.css" />
			<add-attribute value="/statics/css/style.css" />
		</put-list-attribute>

		<put-list-attribute name="javascripts">
			<!-- <add-attribute value="/statics/js/imageMgmt.js" /> -->
			<add-attribute value="/statics/js/userEventMgmt.js" />
			<add-attribute value="/statics/js/jquery-3.1.0.min.js" />
		</put-list-attribute>

	</definition>

	<definition name="/welcome.tiles" extends="baseLayout">
		<put-attribute name="title" value="LoginRegister" />
		<put-attribute name="body" value="/jsp/register_login.jsp" />
	</definition>

	<!-- <definition name="/EmployeeDetails.tiles" extends="baseLayout">
		<put-attribute name="title" value="Employee Details" />
		<put-attribute name="logout" value="/html/logoutBar.html" />
		<put-attribute name="menu" value="/html/menubarHome.html" />

		<put-attribute name="body" value="/jsp/employeeMgmt.jsp" />
	</definition> -->
	
	<definition name="/EmployeeUpload.tiles" extends="baseLayout">
		<put-attribute name="title" value="Employee Upload" />
		<put-attribute name="logout" value="/jsp/logoutBar.jsp" />
		<put-attribute name="menu" value="/html/menubarUpload.html" />

		<put-attribute name="body" value="/jsp/uploadCSV.jsp" />
		<put-list-attribute name="javascripts">
			<add-attribute value="/statics/js/employeeMgmt.js" />
		</put-list-attribute>
		
		<put-list-attribute name="stylesheets">
			<add-attribute value="/statics/css/layout.css" />
			<add-attribute value="/statics/css/employeeMgmt.css" />
			<add-attribute value="/statics/css/normalize.css" />
			<!-- <add-attribute value="/statics/css/style.css" /> -->
		</put-list-attribute>
	</definition>
	
	<definition name="/EmployeeDetails.tiles" extends="baseLayout">
		<put-attribute name="title" value="File List" />
		<put-attribute name="logout" value="/jsp/logoutBar.jsp" />
		<put-attribute name="menu" value="/html/menubarHome.html" />
		<put-attribute name="search" value="/html/searchEmp.html" />
		<put-attribute name="body" value="/jsp/fileDetailsList.jsp" />
		
		<put-list-attribute name="stylesheets">
			<add-attribute value="/statics/css/designing.css" />
			<add-attribute value="/statics/css/layout.css" />
			<add-attribute value="/statics/css/normalize.css" />
		</put-list-attribute>
		
		<put-list-attribute name="javascripts">
			<add-attribute value="/statics/js/jquery-3.1.0.min.js" />
			<!-- <add-attribute value="http://ajax.googleapis.com/ajax/libs/jqueryui/1.11.2/jquery-ui.min.js" 
				/> -->
			<add-attribute value="/statics/js/jquery-ui.js" />
			<add-attribute value="/statics/js/userEventMgmt.js" />
			<add-attribute value="/statics/js/paging.js" />
			<add-attribute value="/statics/js/tableEdit-0.1.js" />
			<add-attribute value="/statics/js/fileListView.js" />
		</put-list-attribute>
	</definition>
<definition name="/emptyEmpList.tiles" extends="baseLayout">
		<put-attribute name="title" value="LoginRegister" />
		<put-attribute name="logout" value="/jsp/logoutBar.jsp" />
		<put-attribute name="menu" value="/html/menubarHome.html" />
		<put-attribute name="body" value="/html/emptyEmployee.html" />
	</definition>
	
	<definition name="/emptySearchEmpList.tiles" extends="baseLayout">
		<put-attribute name="title" value="LoginRegister" />
		<put-attribute name="logout" value="/jsp/logoutBar.jsp" />
		<put-attribute name="menu" value="/html/menubarHome.html" />
		<put-attribute name="body" value="/html/emptySearchEmployee.html" />
	</definition>

</tiles-definitions>