<?xml version='1.0' encoding='utf-8'?>
<!DOCTYPE hibernate-configuration PUBLIC
        "-//Hibernate/Hibernate Configuration DTD 3.0//EN"
        "http://www.hibernate.org/dtd/hibernate-configuration-3.0.dtd">

<hibernate-configuration>

	<session-factory>

		<!-- Database connection settings -->
		<property name="connection.driver_class">com.mysql.jdbc.Driver</property>
		<property name="connection.url">jdbc:mysql://localhost:3306/ImageMgmtUtility</property>
		<property name="connection.username">root</property>
		<property name="connection.password">tom</property>

		<!-- JDBC connection pool (use the built-in) -->
		<property name="connection.pool_size">1</property>

		<!-- SQL dialect -->
		<property name="dialect">org.hibernate.dialect.MySQLDialect</property>

		<!-- Disable the second-level cache  -->
		<property name="cache.provider_class">org.hibernate.cache.NoCacheProvider</property>

		<!-- Enable the second-level cache -->
		<!-- <property name="cache.use_second_level_cache">true</property>
		<property name="cache.provider_class">org.hibernate.cache.EhCacheProvider</property> -->


		<!-- Echo all executed SQL to stdout -->
		<property name="show_sql">true</property>

		<!-- Drop and re-create the database schema on startup -->
		<property name="hbm2ddl.auto">update</property>

		<!-- <property name="hibernate.current_session_context_class">thread</property> -->
		<!-- Names the annotated entity class -->
		<mapping class="com.nagarro.imageutility.models.RegisterDetail" />
		<mapping class="com.nagarro.imageutility.models.ImageDetail" />



	</session-factory>

</hibernate-configuration>